{"cameraMode":{"drawMode":0,"name":"Shaded","section":"Shading Mode"},"sceneLighting":true,"audioPlay":false,"sceneViewState":{"m_AlwaysRefresh":false,"showFog":true,"showSkybox":true,"showFlares":true,"showImageEffects":true,"showParticleSystems":true,"showVisualEffectGraphs":true,"m_FxEnabled":true},"in2DMode":false,"pivot":{"x":0.7904651165008545,"y":0.9206728339195252,"z":-2.0660557746887209},"rotation":{"x":-0.08714014291763306,"y":-0.03706847503781319,"z":0.0032412023283541204,"w":-0.9955229759216309},"size":1.6876949071884156,"orthographic":false}